Item label,Item ID,Weighted ORES Score
Round Valley Indian Tribes,Q24256362,2.00
Aghem polity,Q58359538,2.02
Tashkent Khanate,Q4453007,2.05
Hoopa Valley Tribe,Q42305782,2.01
Fort Belknap Indian Community of the Fort Belknap Reservation of Montana,Q63386746,2.04
Upper Mattaponi Tribe,Q56886322,2.21
Mescalero Apache Tribe,Q30258193,2.08
,Q12901849,1.02
Stewart Bank,Q15932370,1.36
Chickahominy Tribe,Q57047524,2.16
kingdom of Maroboduus,Q12035643,1.99
Tswanaland,Q664980,2.94
Hereroland,Q1609800,2.81
East Caprivi,Q1660773,2.98
Namaland,Q1964139,2.84
Fort Peck Assiniboine and Sioux Tribes,Q100938408,2.07
Tocobaga,Q3513333,2.25
Demchok western sector,Q104314905,2.02
Demchok eastern sector,Q104313166,2.02
Kewa Puebloan,Q104439864,2.01
Uzita,Q7905061,2.01
Buima,Q4986697,2.79
Busiki,Q5001642,1.10
Neptune's Window,Q6995613,2.11
Little River Band of Ottawa Indians,Q6651681,1.97
Maungwe,Q6792579,2.01
Strovilia,Q7624924,2.63
Stockbridge-Munsee Community,Q1695829,2.07
Pajalat,Q7125272,2.01
Chiefdom of Yongning,Q15913158,2.91
Navesink tribe,Q16932542,1.10
Kavangoland,Q1737252,2.92
Govera,Q5588613,2.04
Qahatika,Q7265832,2.02
Shawasha,Q7491227,2.01
Chiefdom of Shuidong,Q77941013,1.08
Pokanoket,Q151227,2.09
Amabi,Q451677,2.05
Kotokolia,Q748876,2.09
O'odham,Q2043383,2.07
Bocha Chiefdom,Q4936213,2.01
Hannahville Indian Community,Q5649005,2.03
Hia C-eḍ O'odham,Q5750473,2.19
North Rupununi,Q7056564,1.31
Casson,Q16321378,2.01
Doklam,Q32744297,2.93
Nansemond,Q3502382,2.15
Spirit Lake Tribe,Q7577890,2.84
KwaNdebele,Q1433142,2.98
Kopane,Q1783866,2.22
,Q15119951,2.02
Depsang Bulge,Q104968833,2.01
Skykomish,Q2293341,1.73
Mesa Grande Band of Diegueno Mission Indians,Q6821065,2.14
Federated Indians of Graton Rancheria,Q5440682,2.03
Sycuan Band of the Kumeyaay Nation,Q7659641,2.18
Campo Reservation,Q63431585,2.03
Ewiiaapaayp Reservation,Q5419035,2.04
Santa Ysabel Reservation,Q13553810,2.10
Manzanita Reservation,Q6753441,2.62
San Pasqual Reservation,Q7415075,2.06
Viejas Reservation,Q7928263,2.72
Pala Reservation,Q105576058,2.06
,Q3403538,1.57
,Q3446187,1.58
,Q3446276,1.43
,Q3933259,1.52
,Q16674381,1.52
,Q2220343,1.99
Republic of Valsesia,Q3933257,2.58
,Q3933254,1.52
,Q3933256,1.42
,Q22357543,2.74
South Reef,Q6825636,2.15
West London Reef,Q6705278,2.15
Inaja and Cosmit Reservation,Q6013402,2.63
Rincon Reservation,Q7334608,2.65
Eastern Chickahominy,Q57048756,2.16
Bernadette Lake,Q22397274,2.92
,Q25389661,2.17
,Q4144442,2.12
,Q4237669,2.12
,Q4220740,2.03
Vanguard Bank,Q11353806,2.60
Tulunid emirate,Q4147013,3.20
Tawang Region,Q17500807,2.01
Brandenburg colonial empire,Q2523837,1.49
Nez Perce Tribe,Q106620215,2.01
Las Vegas Tribe of Paiute Indians of the Las Vegas Indian Colony,Q6492656,2.04
Coast Miwok,Q1256820,2.11
Blanchet Lake,Q22565164,3.03
Snohomish Tribe of Indians,Q104813213,2.09
Carol Lake,Q22444346,3.13
Barona Band of Mission Indians,Q4862966,2.19
Marquisate of Zuccarello,Q3845765,2.84
Lough Foyle,Q1314643,2.99
Chiefdom of Lijiang,Q11310263,2.96
Minnesota Chippewa Tribe,Q3508603,2.13
Bois Forte Band of Chippewa,Q4938422,2.41
Leech Lake Band of Ojibwe,Q6515751,2.04
Upper Sioux Community,Q17307083,2.12
Poarch Band of Creek Indians,Q7206169,2.08
Native Village of Afognak,Q6980078,2.02
Agdaagux Tribe of King Cove,Q107221091,2.02
Cocopah Tribe of Arizona,Q57064848,2.12
Fort Mojave Indian Tribe,Q57061684,2.06
Southern Ute Indian Tribe,Q12633982,2.04
Mohegan Tribe,Q6894116,2.08
Fort Bidwell Indian Community of the Fort Bidwell Reservation of California,Q5470818,2.60
Jamul Village,Q6148290,2.10
Dyomin Islands,Q904882,2.99
Mashantucket Pequot Tribe,Q106540706,2.03
Da Ming Shun Tian Guo,Q15903902,2.17
Ramona Band of Cahuilla,Q7289903,2.03
Soboba Reservation,Q7550108,2.53
Wiyot Tribe,Q88901133,2.02
Republic of Alto Monferrato,Q18397500,1.99
Republic of Bobbio,Q15127142,1.30
Foto Chiefdom,Q27603032,2.92
Cohonina,Q5141402,2.01
,Q15925270,1.82
,Q15923957,1.82
Thổ Chu Island,Q1767799,2.95
Xiaohuangyu Island,Q15916186,1.94
,Q15924538,1.82
Feiyun Island,Q15925138,1.94
Huangguyu Island,Q15916216,2.12
Dahuangyu Island,Q17023687,1.91
Hambakseom island,Q27245586,2.82
Changyu Island,Q15914793,1.94
Free Republic of Nias,Q65208360,2.03
Chemehuevi Indian Tribe of the Chemehuevi Reservation,Q14681735,2.10
Augustine Band of Cahuilla Indians,Q4821154,2.03
Cahuilla Band of Mission Indians of the Cahuilla Reservation,Q5017466,2.11
Tule River Indian Tribe of the Tule River Reservation,Q7851995,2.05
,Q13662759,2.14
Eastern Shoshone,Q307014,2.00
Rehoboth,Q2139012,2.99
,Q21076457,1.62
Seqalu,Q16321580,2.07
Eastern Karakhanids Khanate,Q6773257,1.99
Tsakhur Khanate,Q4503364,1.80
Lonc-kjauw,Q97351967,2.88
Washoe Tribe of Nevada and California,Q7972620,2.82
Confederated Tribes of the Goshute Reservation,Q15079932,2.03
La Posta Reservation,Q6464552,2.07
Dry Creek Rancheria Band of Pomo Indians,Q5309502,2.07
Gazankulu,Q1348750,3.00
Buzaaya,Q5003413,1.71
Acoma Pueblo tribe,Q85119937,2.04
Arsigantegok,Q704942,2.01
La Jolla Band of Luiseño Indians,Q14682998,2.09
Demchok sector,Q96807758,2.06
,Q11929756,1.62
Bushmanland,Q1017396,2.99
Lebowa,Q1433131,2.99
Kura Khanate,Q4251265,1.16
Mississippi Band of Choctaw Indians,Q6879061,2.04
Minerva Reefs,Q1138750,3.00
Longtouyu Island,Q15915038,2.63
Aroostook Band of Micmac,Q14715170,2.02
Berry Creek Rancheria of Maidu Indians of California,Q4894782,2.02
Coquille Indian Tribe,Q5169327,2.01
Ilemi Triangle,Q973527,2.94
,Q12984995,1.02
,Q20572155,1.02
Kongu Country Forest,Q15708442,1.02
Sisseton Wahpeton Oyate,Q2590690,2.88
Catalan Republic,Q42346198,3.17
Republic of Logone,Q23906811,3.00
Islamic Republic of Qaim,Q21076535,2.01
Sumapaz,Q11950523,2.01
Republic of Galicia,Q7314468,2.99
Islamic Emirate of Waziristan,Q2320255,2.09
Banat Republic,Q156513,3.17
Free Dadra and Nagar Haveli,Q86750256,2.03
,Q99868017,2.02
,Q102460360,1.84
,Q4336183,2.45
Bad River Band of the Lake Superior Tribe of Chippewa Indians,Q4840420,2.05
Charding Nullah,Q67172750,2.40
Republic of Indian Stream,Q3304333,2.54
Abazinia,Q1968554,2.84
Socialist Republic of Chile,Q2022804,3.08
Republic of Vinica,Q19937663,2.15
Frisian Kingdom,Q87791,3.05
Free Imperial City of Nuremberg,Q117020,3.02
United Provinces of Central Italy,Q2268597,3.01
Federal Islamic Republic of the Comoros,Q16674377,3.01
Danube Bulgar Khanate,Q3196064,2.19
Sovereign Principality of the United Netherlands,Q774783,2.97
Commonwealth realm of Trinidad and Tobago,Q7842409,3.00
Diggers Republic,Q21849591,2.12
,Q23502363,1.61
Republic „Otto Luoghi“,Q96051590,2.93
Dosso Kingdom,Q4167201,2.47
Tasik,Q11950939,2.21
Commonwealth realm of Tanganyika,Q19929935,2.21
Imperial City of Windsheim,Q2327097,2.29
,Q16674373,2.29
,Q2362063,1.79
Jiandao,Q708640,2.97
Kaokoland,Q1720063,2.99
Empire of Kitara,Q1444485,2.41
Sakalava chiefdom of the Menabe,Q3932075,2.00
Kanem Empire,Q1537016,3.01
King of Oussouye,Q3446145,1.62
Old Saxony,Q3057629,2.92
Ute Mountain Ute Tribe,Q7902611,2.16
,Q15788609,2.03
Kingdom Shunzheng,Q15905301,1.97
Cayuga Nation of New York,Q16148273,2.02
Pascua Yaqui Tribe,Q7141853,2.05
Damaraland,Q1158213,3.02
Busoga,Q691037,2.87
Republic of Liège,Q3456469,2.99
Fuladu,Q3079884,2.96
Kingdom of Fez,Q2300246,2.90
Toltec Empire,Q17523945,2.03
Chola empire,Q25591771,1.77
,Q4314897,1.66
,Q2072263,2.02
Saffarid Empire,Q65037349,1.69
,Q824047,2.31
Yaudheya,Q8050331,1.79
,Q59586537,1.33
San Juan Southern Paiute Tribe of Arizona,Q7414619,2.63
,Q7450319,1.01
Kingdom of Polonnaruwa,Q3167772,2.98
,Q39944272,1.01
,Q99608926,1.01
,Q23500515,1.50
Hualapai,Q1936651,2.99
Derbent khanate,Q1740529,2.29
Territories occupied by Azerbaijan,Q105728458,1.61
Standing Rock Sioux Tribe,Q17280792,2.96
Chekhove,Q4515234,3.03
Lesser Tunb,Q3447452,3.01
Alsu,Q4303069,2.99
District of Branković,Q3623202,2.27
QwaQwa,Q179548,2.99
Rosebud Sioux Tribe,Q17280097,2.10
Kazikumukh Khanate,Q4208290,2.23
,Q3446133,1.51
Cocieri,Q2261598,2.99
Roman Republic,Q1072140,3.42
Señorío of Cuzcatlán,Q1146786,3.06
Khoy Khanate,Q4498927,2.87
Gallic Empire,Q273025,3.06
Snoqualmie Indian Tribe,Q141646,2.98
Tulalip Tribes of Washington,Q1516298,3.81
San Carlos Apache Tribe,Q12641662,2.10
Quinault Indian Nation,Q15270596,2.91
Swinomish Indian Tribal Community,Q16900986,2.93
Samish Indian Nation,Q17017294,2.84
Yakama Indian Nation,Q27464926,2.04
Coeur d’Alene Tribe,Q104836859,2.14
Chitimacha Tribe of Louisiana,Q104904551,2.15
Muckleshoot Indian Tribe,Q105035102,2.18
Makah Indian Tribe of the Makah Indian Reservation,Q105107051,2.09
Nooksack Indian Tribe,Q106395631,2.13
Port Gamble S'Klallam Tribe,Q106395898,2.22
Jamestown S'Klallam Tribe,Q106396961,2.22
Lummi Nation,Q107171994,2.15
Northern Cheyenne Tribe,Q2006701,2.98
Ajuuraan state,Q862532,3.58
Babenkovo,Q3920806,3.17
Viktorovka,Q3915397,3.07
Malovidnoe,Q4278104,3.04
Verhorechye,Q3915393,3.08
Vilino,Q3915403,3.43
Provisional Priamurye Government,Q1381504,3.04
State of Katanga,Q1148907,3.50
Republic of the Congo (Léopoldville),Q618399,3.59
Kingdom of Sicily,Q30890672,2.98
,Q11927108,1.60
United States of Stellaland,Q1362278,2.95
,Q21843509,2.03
Polish Socialistic Soviet Republic,Q24948646,2.07
State of Somaliland,Q1106857,3.01
Carlingford Lough,Q2369538,2.99
Jiangxinpo,Q11134440,1.96
,Q834896,2.03
zone under the control of the nationalist faction,Q5560770,2.54
Italian United Provinces,Q3968612,2.30
First Hellenic Republic,Q528546,3.01
Seminole Tribe of Florida,Q7449545,2.97
Serbian Despotate,Q878319,3.02
Griqualand West,Q2547918,2.18
Kazembe,Q5675285,2.84
Free City of Frankfurt,Q704300,3.21
Zhong Bank,Q58178862,1.39
Pend d'Oreilles,Q492901,2.98
Maricopa people,Q1750007,2.96
Commune of the Working People of Estonia,Q2182946,3.07
South Tibet,Q606223,2.55
Kingdom of Aksum,Q139377,4.58
Italian Partisan Republics,Q3456497,2.03
Alodia,Q449639,3.53
Litoral Department,Q844510,3.15
Squaxin Island Tribe,Q780825,3.66
Emirate of Jabal Shammar,Q5362837,3.09
Sandia Pueblo,Q1245540,2.97
South Kuril Islands,Q11401819,2.90
Venda,Q848668,2.99
Capitol Hill Autonomous Zone,Q96188206,3.94
Yavapai-Apache Nation,Q8050368,2.08
Fort McDowell Yavapai Nation,Q5471623,2.06
Cowlitz Indian Tribe,Q15211891,2.06
Republic of the North Solomons,Q4393602,2.97
Catalan Republic,Q138837,4.09
Republic of Alba,Q954044,2.96
Delhi Sultanate,Q229411,4.74
Principality of Masserano,Q16601665,2.91
Lac Bellenger,Q22626718,3.02
Kingdom of Kandy,Q1530762,3.01
Kingdom of Dambadeniya,Q3136869,2.15
,Q3933255,1.62
Finnish Socialist Workers' Republic,Q1811029,3.01
Austrian colonies,Q303598,2.98
"Puyallup Tribe of the Puyallup Reservation, Washington",Q105027870,2.12
Colorado River Indian Tribes,Q5148891,2.92
Doumeira Islands,Q1252656,2.96
Shamkhalate of Tarki,Q2043564,3.00
Swedish Empire,Q215443,3.36
Republic of Florida,Q7314467,2.96
Republic of Entre Ríos,Q3267672,3.00
Kingdom of Torgu,Q4461066,1.78
,Q4065677,2.04
,Q4059094,2.04
Mykhailivka (Lenine Raion),Q3157377,2.93
Semysotka,Q4415545,3.55
Kumul Khanate,Q10921952,2.13
,Q4189845,2.10
Heglig,Q1320844,3.00
Shirvan Khanate,Q965466,2.99
Bremen Soviet Republic,Q907827,3.63
Guantanamo Bay Naval Base,Q762570,3.20
Banc du Geyser,Q2882024,3.01
Erivan Khanate,Q210198,3.38
Salyan Sultanate,Q1251091,2.04
Havasupai people,Q1500686,2.98
Khoshut Khanate,Q10921634,2.99
Blue Horde,Q644979,2.94
Shakopee Mdewakanton Sioux Community,Q2276599,2.97
,Q16708974,1.98
Democratic Federal Yugoslavia,Q1277557,3.27
Republic of Cospaia,Q2393278,3.01
Tamil Eelam,Q242036,3.40
Ganja khanate,Q1740536,2.98
Jeong-an kingdom,Q707128,2.98
Kingdom of Norway (872–1397),Q2196956,3.22
Danube federation,Q1240920,2.09
Lakota people,Q333049,3.70
Labin Republic,Q266657,2.97
Ak-Chin Indian Community,Q356979,2.14
Lithuanian Soviet Socialist Republic,Q80211,3.49
Maku Khanate,Q2445341,1.62
Khalkhal Khanate,Q6509709,1.98
Tabriz khanate,Q4453628,2.13
People's Republic of Bulgaria,Q121932,3.16
Wang Doré,Q3446277,2.02
Samo's Empire,Q149427,3.00
Dutch Empire,Q130654,3.03
,Q1514439,1.38
Kickapoo Tribe of Oklahoma,Q6404281,2.01
Navajo Nation,Q1783171,3.20
Uryankhay Republic,Q56282578,1.79
Hungarian Soviet Republic,Q243652,3.53
Yarkent Khanate,Q1188459,3.51
Republic of the Rif,Q37102,3.53
Hittite Empire,Q13053139,3.08
Kingdom of Iceland,Q62567,3.63
Estado Libre del Istmo,Q8842943,2.99
Sur Empire,Q373650,3.04
Republic of Texas,Q170588,3.26
First Spanish Republic,Q497777,3.41
Icelandic Commonwealth,Q62389,3.01
Bolshoy Ussuriysky Island,Q1195273,3.33
Parsua,Q477900,2.76
Vermont Republic,Q1649602,3.29
Xianbei state,Q4783395,2.16
Zuni people,Q231317,3.01
Hungarian Republic,Q16985296,3.47
Turkish Federated State of Cyprus,Q784851,3.01
Western Chalukya Empire,Q14624218,2.98
Asahan Sultanate,Q2634240,2.95
Kingdom of the Lombards,Q854415,3.09
Republic of the Floridas,Q6106050,2.96
Ternate Sultanate,Q2029522,3.10
,Q12491044,2.06
Riau-Lingga Sultanate,Q3503553,2.94
Kutai,Q1794655,2.94
Sultanate of Serdang,Q3503559,2.96
Principality of Hungary,Q2899771,3.06
Amanuban,Q454548,2.88
,Q470467,2.09
Mali Empire,Q184536,3.90
Tsukaikoku,Q11458165,2.04
Ikikoku,Q11352710,2.16
Talysh Khanate,Q1546773,3.01
Alamannia,Q2208978,3.01
Kingdom of Finland,Q615902,3.71
Civitas Schinesghe,Q5124786,3.03
Later Silla,Q715257,3.03
People's Republic of Hungary,Q16410,3.21
First Czechoslovak Republic,Q140359,3.06
Soviet Republic of Soldiers and Fortress-Builders of Naissaar,Q98522601,2.04
Tuʻi Tonga Empire,Q842390,3.43
Kingdom of Lithuania,Q612359,3.26
Cheyenne and Arapaho Tribes,Q5094611,2.94
Bassas da India,Q220601,3.22
Juan de Nova Island,Q237034,3.26
Socialist Soviet Republic of Byelorussia,Q68678,3.83
Italian Empire,Q926295,3.49
County of Namur,Q599613,3.00
Kafia Kingi,Q844262,2.97
,Q19746028,2.11
Chiefdom of Bozhou,Q11078576,1.07
Marand Khanate,Q12842865,1.75
"Kingdom of Serbs, Croats and Slovenes",Q15102440,3.98
North German Confederation,Q150981,4.10
Visigothic Kingdom,Q126936,3.80
Visigothic Kingdom of Tolosa,Q3307686,3.02
San Manuel Band of Mission Indians,Q7414787,2.19
State of Malta,Q7603765,3.53
Kalapani territory,Q6350651,2.98
Confederated Tribes of the Chehalis Reservation,Q15211471,3.00
Preah Vihear Temple,Q45949,3.70
Sultanate of Deli,Q2030015,3.00
Lac Courte Oreilles Band of Lake Superior Chippewa Indians,Q6467824,2.00
Provisional Government of Kentucky,Q3112525,2.28
Wiyot people,Q2329815,2.97
Uotsuri-shima,Q719187,3.28
Okinokita Rock,Q5354800,2.98
German Empire of 1848/1849,Q18285930,3.32
Trucial States,Q1852345,3.24
Democratic Republic of Yemen,Q2119459,3.03
Cisalpine Republic,Q213353,3.39
Arizona Tewa,Q2393129,2.02
Gagauzia,Q164819,3.31
Halchidhoma,Q1570674,2.75
Brulé,Q992401,2.95
Agua Caliente Reservation,Q4694429,2.79
Atakapa people,Q56962,2.95
Pascagoula,Q12639337,2.22
Yaquina people,Q56518,2.68
Chiricahua,Q1074730,2.99
Jicarilla Apache,Q659307,2.99
Quechan people,Q1754503,3.01
Abu Musa,Q167217,4.01
South China Sea Islands,Q1141500,3.00
Kalapuya people,Q1269663,2.96
French colonization of the Americas,Q1990219,2.98
Madhesi tribe,Q11117817,2.00
Monacan people,Q3513658,2.18
"Post-independence Burma, 1948–1962",Q7233551,3.02
Onondaga people,Q21056,3.23
Sinagua,Q1891996,2.12
Pamunkey,Q918556,2.93
Siachen Glacier,Q333946,3.07
Rappahannock Tribe,Q7294310,2.09
Iberian Union,Q377350,3.06
Silala,Q2599693,3.01
Dál nAraidi,Q2526751,2.52
Bashkiria,Q4080196,3.22
Khmer Republic,Q1054184,3.16
Federation of Nigeria,Q5440850,3.08
Empire of Harsha,Q20732380,2.92
Principality of Albania,Q187035,3.36
Don Republic,Q2453974,3.35
Sarab Khanate,Q3459464,1.53
Kingdom of Africa,Q105082407,2.03
Empire of Trebizond,Q178913,3.89
Oyo Empire,Q849623,3.17
Kingdom of Norway (1814),Q2597352,3.16
Glorioso Islands,Q236601,3.05
Union of Horodło,Q1055227,2.96
Pact of Vilnius and Radom,Q666674,2.85
Estonian Soviet Socialist Republic,Q130280,3.39
Armenian Kingdom of Cilicia,Q335088,3.63
Israeli-occupied territories,Q575187,3.05
Republic of Central Lithuania,Q523380,3.79
State of Venezuela,Q39501433,3.02
People's State of Bavaria,Q38251605,2.69
Jolof Empire,Q760893,3.04
Shebaa farms,Q1133272,3.07
Absentee-Shawnee Tribe of Indians,Q4669719,2.04
Kingdom of Holland,Q212278,3.27
Perejil Island,Q191750,3.40
Cahto Indian Tribe of the Laytonville Rancheria,Q24248665,2.01
Hopland Band of Pomo Indians of the Hopland Rancheria,Q5900794,2.03
list of possessions of Norway,Q1576537,2.97
Sherwood Valley Rancheria of Pomo Indians of California,Q7495566,2.06
Triune Kingdom,Q1057076,2.14
Dongye,Q713397,2.80
Old Great Bulgaria,Q191484,3.37
Usan,Q494625,2.97
Haida people,Q210332,3.09
Khwarezmian Empire,Q63134381,3.04
Transnistria,Q3537754,3.06
Islands of Refreshment,Q6083755,3.02
Vandal Kingdom,Q10416611,3.05
Republic of German-Austria,Q268970,3.80
Western Togoland,Q65079691,2.98
Ottawa Tribe of Oklahoma,Q7109263,2.09
Northwestern Band of the Shoshone Nation,Q15087899,2.08
Lower Sioux Indian Community,Q17280817,2.17
Nisqually Indian Tribe of the Nisqually Reservation,Q15262399,2.09
Lower Elwha Klallam Tribe,Q6693471,2.23
kwaZulu,Q594798,3.00
Khazar Khaganate,Q2090473,3.32
Republic of West Florida,Q13258120,3.01
Quileute Tribe of the Quileute Reservation,Q106518226,2.04
Confederated Salish and Kootenai Tribes of the Flathead Reservation,Q497587,3.03
Confederated Tribes of the Colville Reservation,Q5159767,2.16
Mataram Sultanate,Q402145,3.04
Yogyakarta Sultanate,Q2114397,3.09
Republic of Geneva,Q23366230,3.73
Kazakh Khanate,Q1433867,4.07
Cherokee Nation,Q14708404,3.59
,Q4068361,2.10
Hunnic Empire,Q10295972,2.96
Republic of Kosova,Q2631403,3.39
Chu,Q504759,3.30
Corsican Republic,Q71234,3.36
Zhongsha Islands,Q197893,3.06
Polish–Lithuanian union,Q825902,3.02
Kharkov People's Republic,Q16250774,2.95
Kingdom of Northern Lusitania,Q390827,2.29
People's Republic of Benin,Q862701,3.72
Pahlavi Dynasty,Q207991,3.66
Aq Qoyunlu,Q555994,3.76
,Q15909533,1.93
Inner Mongolian People's Republic,Q4120908,3.48
,Q15904324,1.93
Great Socialist People's Libyan Arab Jamahiriya,Q4843701,3.42
Maragheh Khanate,Q4281031,2.03
Provisional Government of National Unity,Q674419,2.95
Trans-Karakoram Tract,Q1819167,3.04
First Republic of Armenia,Q139670,3.35
Volga Bulgaria,Q185488,3.94
Joseon,Q28179,4.06
Republic of Florence,Q148540,3.70
Bavarian Soviet Republic,Q58738,3.86
Duchy of Modena and Reggio,Q252580,3.17
Satavahana dynasty,Q5257,3.86
Republic of Sonora,Q4207384,2.06
Wassoulou Empire,Q568712,3.03
Penghu Islands,Q918799,4.09
Maramureș,Q10975458,3.12
Kingdom of Serbia,Q241748,3.31
Chagos Archipelago,Q192188,3.26
Irish Republic,Q2712121,3.14
Moghulistan,Q1191125,3.38
Achomawi,Q341185,2.95
Government of South Ossetia,Q17053854,2.24
"Kudrino, Crimea",Q4244536,3.04
Kingdom of Poland,Q577867,3.17
Western New Guinea,Q3845,3.81
Kingdom of Colonia St John,Q18165094,1.59
Armenian Soviet Socialist Republic,Q132856,3.80
Republic of Pontus,Q735854,3.43
Empire of China,Q175379,3.25
French First Republic,Q58296,4.24
Republic of Siena,Q736727,3.52
Kingdom of the Burgundians,Q13590051,3.02
First French Empire,Q71084,3.95
Second Bulgarian Empire,Q420759,3.10
Tarascan State,Q2605410,3.10
Venetian empire,Q98400506,2.11
First Toungoo Empire,Q23039102,2.16
Republic of Formosa,Q319881,3.62
Mutawakkilite Kingdom of Yemen,Q580188,3.82
Judea and Samaria Area,Q513200,3.07
Ladakh,Q200667,3.49
United Provinces of Central America,Q9063401,3.00
Georgian Soviet Socialist Republic,Q130229,4.06
Confederate States of America,Q81931,4.90
First Bulgarian Empire,Q203817,3.70
West Ukrainian People's Republic,Q457167,3.18
Modoc Tribe of Oklahoma,Q6889563,2.03
Tibet,Q2444884,3.98
Pakistani-administered Kashmir,Q10928369,2.12
Indian-administered Kashmir,Q12823845,2.03
Vesele,Q3920760,3.07
Republic of Negros,Q3499107,3.00
Batavian Republic,Q188553,3.81
Ilkhanate,Q178084,4.12
Couto Misto,Q953432,3.01
Alexander Island,Q200223,3.10
Sault Tribe of Chippewa Indians,Q3813824,2.68
Vezina Lake,Q22419140,3.05
Shoalwater Bay Indian Tribe of the Shoalwater Bay Indian Reservation,Q826867,2.94
Third Czechoslovak Republic,Q2454585,3.58
Kushan Empire,Q25979,3.36
Somali Republic,Q7559152,3.52
Papal States,Q170174,4.52
Qajar Iran,Q63158027,3.25
Kingdom of Poland,Q8890160,3.70
Moscovian State,Q4304392,3.16
Peñón de Vélez de la Gomera,Q191146,3.12
Swains Island,Q1128488,3.17
Bir Tawil,Q620634,3.68
Choctaw,Q324516,3.01
Mahdist Sudan,Q3125368,3.01
Kunashir Island,Q847285,3.94
Iturup Island,Q215727,4.29
Muscogee (Creek) Nation,Q6940348,3.04
Gila River Indian Community,Q1427305,2.13
Republic of Hungary,Q940741,3.56
Kingdom of Württemberg,Q159631,3.61
Galilee,Q83241,3.54
Kingdom of Hanover,Q164079,3.33
Chemehuevi people,Q283510,2.97
Brandenburg-Prussia,Q157367,3.38
Bhopal State,Q855044,3.11
Azerbaijan Democratic Republic,Q206411,3.26
Kingdom of Hungary,Q171150,3.32
Republic of Crimea,Q15925436,3.32
French colonial empire,Q179023,3.67
Ebla,Q5743,3.58
Electorate of Hesse,Q529605,3.04
Kingdom of Laos,Q870055,3.32
Darawiish,Q1106424,3.03
Republic of Afghanistan,Q1415128,3.42
West Bank,Q36678,4.27
Kerajaan Tulang Bawang,Q12491063,1.98
Sultanate of Egypt,Q370173,3.30
Spanish Empire,Q80702,3.80
Liancourt Rocks,Q20317,3.90
Kosovo,Q1231,3.06
Second Polish Republic,Q207272,4.08
Tibetan Empire,Q2431480,3.09
Ostrogothic Kingdom,Q583038,3.24
Empire of Nicaea,Q181254,3.25
Ukrainian State,Q1508143,3.23
Timurid Empire,Q484195,4.21
Provincia Libre de Guayaquil,Q3892131,2.98
Second Turkic Khaganate,Q4833446,3.00
Nadezhdine,Q4311890,3.09
Utkino,Q4478911,3.17
Veselivka,Q3920799,3.12
Vorobiove,Q4125257,3.10
Irish Free State,Q31747,4.18
"Lazurnoye, Crimea",Q4253071,2.97
Republic of Genoa,Q174306,3.70
Transcaucasian Democratic Federative Republic,Q330756,3.19
Basque Country,Q47588,4.31
Old Swiss Confederacy,Q435583,3.56
Ghaznavid Empire,Q249578,3.31
South African Republic,Q550374,3.14
Transkei,Q466551,3.25
German colonial empire,Q329618,3.39
Umayyad Caliphate,Q8575586,4.15
Moldavian Democratic Republic,Q964024,3.07
German Reich,Q1206012,3.69
Osage Nation,Q947650,3.06
Yuan dynasty,Q7313,4.29
Francia,Q146246,4.21
Macedonia,Q83958,3.89
Bafut Subdivision,Q799797,2.84
Kingdom of Brittany,Q771193,3.19
United Arab Republic,Q170468,4.22
Republic of Hawaii,Q1057542,3.55
Crown of Aragon,Q204920,3.25
Korea,Q18097,4.20
Spanish Netherlands,Q622783,3.32
Burgundian Netherlands,Q157109,3.04
Qara Khitai,Q862304,3.17
Republic of Yucatán,Q671658,3.03
Yeke Kingdom,Q3321385,3.01
Dutch Republic,Q170072,3.86
Ryukyu Kingdom,Q28025,3.21
Kingdom of Castile,Q179293,4.17
Migingo Island,Q1568935,3.02
Vijayanagara Empire,Q167639,3.15
Woody Island,Q393044,3.14
Kalmar Union,Q62623,3.22
Pakualaman,Q3177663,2.93
Principality of Moldavia,Q10957559,4.03
Zimbabwe Rhodesia,Q890120,3.08
Potawatomi,Q1065583,3.09
Medes,Q8735,3.12
Union of Lublin,Q963303,3.06
Pridnestrovian Moldavian Soviet Socialist Republic,Q7242857,2.97
Kingdom of Kampuchea,Q16673775,2.18
Principality of Turov and Pinsk,Q671362,2.99
State of Los Altos,Q738264,3.11
Uzbek Khanate,Q15535871,2.68
Central African Empire,Q189988,3.25
Göktürks,Q205466,3.03
Maurya Empire,Q62943,3.73
Dominion of India,Q1775277,3.26
Pratas Islands,Q698931,3.04
Islamic Republic of Afghanistan,Q30747910,3.73
Abkhazia,Q23334,3.74
Khanate of Bukhara,Q577668,3.26
Paracel Islands,Q274388,3.75
Mangkunegaran,Q1853386,2.93
Kingdom of Scotland,Q230791,3.67
Fedorivka,Q12165474,2.97
Margraviate of Brandenburg,Q148499,3.75
Belgian colonial empire,Q815524,2.99
Kingdom of Albania,Q1048340,3.55
Western Turkic Khaganate,Q874357,3.01
Dominion of Fiji,Q5291089,3.04
Vakataka empire,Q1501306,3.01
Commonwealth realm of Malawi,Q6741448,2.95
Commonwealth realm of Mauritius,Q14759030,2.96
Commonwealth realm of Kenya,Q6392538,2.98
Commonwealth realm of Uganda,Q7877575,3.23
Commonwealth realm of Sierra Leone,Q14920623,2.96
Soviet Republic of Saxony,Q55633633,2.97
Commonwealth realm of the Gambia,Q7735661,3.04
Kingdom of Yugoslavia,Q191077,4.36
Kingdom of Naples,Q173065,3.45
Kingdom of Aragon,Q199442,3.84
First Hungarian Republic,Q516160,3.40
Dominion of Ghana,Q5555325,2.99
United Kingdom of the Netherlands,Q15864,3.28
Golden Horde,Q79965,4.40
Kingdom of Ireland,Q215530,3.58
Kingdom of Bulgaria,Q147909,3.46
Transitional Islamic State of Afghanistan,Q4689103,3.04
Catalan Republic (1641),Q42345047,3.09
Congress Poland,Q221457,3.97
Nazi Germany,Q7318,4.46
Turkic Khaganate,Q15146034,3.34
Tashkent State,Q4453003,2.96
Kachin State,Q140646,3.17
Rhodesia,Q217169,3.22
Hyderabad State,Q1240096,3.86
Khmer Empire,Q201705,3.96
Aztec Empire,Q2608489,3.51
Sovereign Council of Asturias and León,Q3324546,2.47
Guayana Esequiba,Q816253,3.04
Korean Empire,Q28233,3.91
British Raj,Q129286,3.86
Republic of West Papua,Q2562456,3.01
Orange Free State,Q218023,3.36
Bechuanaland Protectorate,Q747314,3.08
Republic of Venice,Q4948,3.81
Navajo,Q108266,3.90
Greater Germanic Reich,Q14914778,2.86
Burgundian State,Q7882199,2.95
Kingdom of Hawaiʻi,Q156418,3.58
Kingdom of Toledo,Q2940142,3.11
Kingdom of the Suebi,Q1048918,3.18
Quba Khanate,Q1740542,3.00
Federal State of Austria,Q176495,3.14
Duchy of Savoy,Q426025,3.81
Romanian People's Republic,Q2685298,2.88
Kingdom of Romania,Q203493,3.57
KaNgwane,Q1433125,2.98
Nagorno-Karabakh,Q44302,3.59
First Philippine Republic,Q1361989,3.10
Austrian Littoral,Q306696,3.06
Kingdom of Italy,Q172579,4.33
Gran Colombia,Q199821,3.14
Kingdom of Prussia,Q27306,3.97
Empire of Japan,Q188712,3.78
Bulawayo,Q4987234,2.10
Hungarian State,Q18331029,2.96
Azad Kashmir,Q200130,3.13
Tsardom of Russia,Q186096,4.49
Belarusian People's Republic,Q842199,3.05
Japanese colonial empire,Q6158424,2.98
Hispanic Monarchy One,Q766543,2.76
Gupta Empire,Q11774,4.08
South Russia,Q4533605,3.62
East Francia,Q153080,3.20
Principality of Catalonia,Q15581,3.62
Jammu and Kashmir,Q66278313,4.07
Gilgit-Baltistan,Q200697,3.54
First Mexican Empire,Q285658,3.26
Emirate of Cyrenaica,Q370372,3.04
Tanganyika,Q431731,3.32
Commonwealth realm of Guyana,Q5622720,3.06
Spratly Islands,Q215664,3.57
Electoral Palatinate,Q22880,3.08
Qara Qoyunlu,Q324470,3.55
Irish Republic,Q1140152,3.41
South Ossetia,Q23427,4.66
Rashidun Caliphate,Q12490507,3.26
White Earth Band of Ojibwe,Q7994663,2.72
Qin dynasty,Q7183,4.65
Grand Duchy of Moscow,Q170770,4.09
Udaipur State,Q17319155,3.27
Jodhpur State,Q6207845,3.03
Mali Federation,Q216632,3.09
Sahrawi Arab Democratic Republic,Q40362,4.55
Emirate of Nejd and Hasa,Q96028967,3.03
Dominion of Pakistan,Q2006542,3.76
Austrian Empire,Q131964,4.36
Northeast Cay,Q1005307,3.00
Guerguerat,Q3118919,3.02
Whitsum Reef,Q11722044,2.87
Seljuk Empire,Q3708094,3.92
Ethiopian Empire,Q207521,4.02
Ciskei,Q379042,3.00
Southwest Cay,Q3137837,3.10
Socialist Republic of Romania,Q842794,3.25
Duchy of Anhalt,Q16550783,3.01
Golan Heights,Q83210,4.22
Kingdom of France,Q70972,4.06
Republic of Abkhazia,Q31354462,3.81
Senkaku Islands,Q29460,4.05
North Vietnam,Q172640,4.30
Kingdom of Hungary,Q1470101,3.06
Mongol Empire,Q12557,3.72
Sikh Empire,Q83572,3.45
Qing dynasty,Q8733,4.69
United Kingdom of Great Britain and Ireland,Q174193,3.67
Kingdom of Ceredigion,Q2578706,3.70
Dubăsari,Q688654,3.14
Crimea,Q7835,4.68
People's Republic of Kampuchea,Q867778,3.32
State of Cambodia,Q2387250,3.00
Russian Empire,Q34266,4.78
Ukrainian People's Republic,Q243610,4.24
Bophuthatswana,Q158236,3.05
Royal Lordship of Molina,Q3571951,2.25
Khanate of Kokand,Q696241,3.42
Grand Duchy of Lithuania,Q49683,4.07
Olivenza,Q488052,4.14
Rouran Khaganate,Q155361,3.09
Republic of Vietnam,Q180573,4.22
Russian Socialist Federative Soviet Republic,Q2305208,3.90
Kingdom of Pontus,Q7380487,3.19
Seventeen Provinces,Q330533,3.02
French Third Republic,Q70802,3.78
Great Moravia,Q193152,3.23
Abyei,Q336494,3.05
Somaliland,Q34754,4.74
Kashmir,Q43100,3.66
Roman Empire,Q2277,4.78
German Empire,Q43287,4.13
Kingdom of England,Q179876,3.33
Östergötland,Q214829,3.62
Persian Empire,Q83311,3.70
Sasanian Empire,Q83891,4.28
Byzantine Empire,Q12544,4.92
Biafra,Q178469,4.18
Polish–Lithuanian Commonwealth,Q172107,4.29
Prussia,Q38872,4.11
Assyrian Empire,Q41137,3.91
Ottoman Empire,Q12560,4.91
Transnistria,Q907112,4.15
Carolingian Empire,Q31929,3.54
Commonwealth of England,Q330362,3.22
Habsburg Netherlands,Q1031430,3.02
Ayyubid Sultanate,Q63135869,2.97
Ambazonia,Q2842000,3.18
Ho-Chunk,Q1537653,2.98
Ukrainian Soviet Socialist Republic,Q133356,4.55
Austria-Hungary,Q28513,3.97
Hala'ib Triangle,Q796684,3.18
Transylvania,Q39473,3.49
Kingdom of Kartli-Kakheti,Q282475,3.00
Western Roman Empire,Q42834,3.54
Safavid Empire,Q18234383,3.73
Weimar Republic,Q41304,4.83
Kingdom of Poland,Q1649871,3.11
Imperial China,Q12060881,3.05
Democratic Republic of Georgia,Q245160,3.31
Sultanate of Siak Sri Indrapura,Q2988765,3.01
Democratic Kampuchea,Q330988,3.12
Shaki Khanate,Q1703449,3.03
Kurdistan Region,Q205047,3.50
Holy Roman Empire,Q12548,4.69
British Empire,Q8680,3.53
Aksai Chin,Q230830,3.14
Riograndense Republic,Q162192,3.19
Kingdom of Araucanía and Patagonia,Q271570,3.13
Empire of Brazil,Q217230,3.68
Crown of Castile,Q217196,3.06
Khedivate of Egypt,Q127861,3.43
"United Kingdom of Portugal, Brazil and the Algarves",Q903779,3.41
Kingdom of Galicia,Q303421,3.11
Portuguese Empire,Q200464,3.18
Outer Mongolia,Q909566,3.01
Kara-Khanid Khanate,Q494354,3.27
Principality of Sperlinga,Q20949725,3.00
Akkadian empire,Q4461035,3.82
Pahlavi Iran,Q107258515,2.54
Republic of Spanish Haiti,Q11681694,3.02
Kingdom of Serbia,Q2415003,3.09
Kingdom of France,Q69323,3.24
Moravian Serbia,Q2273304,3.16
Islamic State,Q2429253,4.88
Denmark-Norway,Q62651,3.74
Carpatho-Ukraine,Q950644,3.09
Federal Republic of Central America,Q190025,3.69
Foto,Q16636799,2.86
Izobilne,Q4198716,2.98
Andrusovo,Q3920620,3.13
Demyanovka,Q4157785,3.08
Spain under the Restoration,Q1044536,3.08
Partizanske,Q4345910,3.12
Fatimid Caliphate,Q160307,3.35
United Provinces of the Río de la Plata,Q738144,3.37
Great Britain,Q161885,4.18
Perouve,Q4351659,3.59
,Q1249230,2.97
Babylon,Q5684,4.54
"State of Slovenes, Croats and Serbs",Q718374,3.24
Republika Srpska,Q11196,4.55
United Baltic Duchy,Q376778,3.08
First Republic of Austria,Q518101,3.26
European route E105 in Crimea,Q88329272,2.07
Socialist Federal Republic of Yugoslavia,Q83286,4.04
Mauro-Roman kingdom,Q25080783,2.97
Russian Republic,Q139319,3.93
Transcaucasian Socialist Federative Soviet Republic,Q545205,3.90
mainland China,Q19188,3.27
First East Turkestan Republic,Q986665,3.39
Dominion of Ceylon,Q2670092,3.74
Union between Sweden and Norway,Q62589,3.25
Nakhichevan Khanate,Q1634940,3.01
Yugoslavia,Q36704,3.77
Ming dynasty,Q9903,4.52
Principality of Serbia,Q684030,3.05
Mughal Empire,Q33296,4.32
Later Jin,Q1062546,3.01
Chagatai,Q487829,3.51
Türgesh,Q1277895,3.67
Islamic Emirate of Afghanistan,Q427941,4.23
Kingdom of Sicily,Q188586,3.04
Taiwan,Q22502,3.23
Triveneto,Q2641492,3.00
Francoist Spain,Q13474305,3.99
Chechen Republic of Ichkeria,Q210036,3.74
Morocco–Western Sahara border,Q3089130,2.39
Algeria–Western Sahara border,Q3088690,2.42
Siam,Q1081620,3.41
Kuril Islands,Q80389,3.97
Sultanate of Bulungan,Q3503548,2.26
Kingdom of Hungary,Q16056854,3.07
Novorossia,Q16912926,3.11
Novgorod Republic,Q151536,3.88
Mongolian People's Republic,Q212056,3.94
Republic of Artsakh,Q244165,4.37
Tibet,Q17269,4.86
Kingdom of Sardinia,Q165154,3.42
Kingdom of Nepal,Q1078602,3.68
Luhansk People's Republic,Q16746854,3.89
Parthian Empire,Q1986139,3.36
Ovamboland,Q1501001,3.02
Turkish Republic of Northern Cyprus,Q23681,4.58
Russian Soviet Federative Socialist Republic,Q2184,4.86
Kingdom of Egypt,Q124943,3.46
Romanian Old Kingdom,Q444912,2.97
Blackfeet Nation,Q33123248,2.12
Republican zone,Q6123746,2.98
People's Republic of the Congo,Q1152126,3.27
Maakhir,Q1322424,3.00
Kingdom of the Two Sicilies,Q180393,3.60
Rattanakosin Kingdom,Q1155700,3.05
Duchy of Normandy,Q842091,3.19
Provisional Government of National Union and National Salvation of Cambodia,Q6585262,2.99
Republic of Serbian Krajina,Q211853,3.33
England,Q21,4.95
Malayan Union,Q976099,3.04
Republic of Tatarstan,Q5481,4.82
Kingdom of the Netherlands,Q29999,4.87
Gibraltar,Q1410,4.94
Russia,Q159,4.93
Norway,Q20,4.95
Belarus,Q184,4.94
Switzerland,Q39,4.95
Vatican City,Q237,4.95
South Korea,Q884,4.95
South Africa,Q258,4.94
Yemen,Q805,4.93
Nepal,Q837,4.93
Philippines,Q928,4.96
Malaysia,Q833,4.94
Tunisia,Q948,4.95
Bangladesh,Q902,4.93
Faroe Islands,Q4628,4.93
Tajikistan,Q863,4.93
Togo,Q945,4.93
Qatar,Q846,4.93
Eswatini,Q1050,4.93
Brunei,Q921,4.94
Guatemala,Q774,4.93
Honduras,Q783,4.93
Niger,Q1032,4.94
Paraguay,Q733,4.94
Kenya,Q114,4.93
Chad,Q657,4.94
Kyrgyzstan,Q813,4.94
Cambodia,Q424,4.95
Senegal,Q1041,4.94
Finland,Q33,4.96
Sweden,Q34,4.96
Denmark,Q35,4.94
Poland,Q36,4.92
Lithuania,Q37,4.94
Italy,Q38,4.93
Austria,Q40,4.94
Greece,Q41,4.94
Portugal,Q45,4.95
Netherlands,Q55,4.94
Republic of Ireland,Q27,4.94
France,Q142,4.96
United Kingdom,Q145,4.93
Germany,Q183,4.87
Estonia,Q191,4.95
Latvia,Q211,4.94
Czech Republic,Q213,4.96
Slovakia,Q214,4.95
Slovenia,Q215,4.94
Romania,Q218,4.93
Bulgaria,Q219,4.94
Hungary,Q28,4.94
Croatia,Q224,4.95
Cyprus,Q229,4.93
Malta,Q233,4.94
Spain,Q29,4.94
Belgium,Q31,4.94
Luxembourg,Q32,4.93
San Marino,Q238,4.94
Moldova,Q217,4.93
North Macedonia,Q221,4.91
Albania,Q222,4.89
Turkey,Q43,4.94
Suriname,Q730,4.91
Monaco,Q235,4.93
Liechtenstein,Q347,4.93
Morocco,Q1028,4.94
Montenegro,Q236,4.93
Andorra,Q228,4.94
Serbia,Q403,4.93
Serbia and Montenegro,Q37024,4.31
Czechoslovakia,Q33946,4.66
Canada,Q16,4.96
Niue,Q34020,4.89
Georgia,Q230,4.95
Armenia,Q399,4.94
Greenland,Q223,4.95
Israel,Q801,4.95
People's Republic of China,Q148,4.83
Iran,Q794,4.94
Cape Verde,Q1011,4.93
Azerbaijan,Q227,4.94
Australia,Q408,4.95
Argentina,Q414,4.95
Cuba,Q241,4.94
India,Q668,4.84
Indonesia,Q252,4.92
Iraq,Q796,4.94
Jordan,Q810,4.93
Kazakhstan,Q232,4.94
Japan,Q17,4.94
Lebanon,Q822,4.94
Mexico,Q96,4.93
North Korea,Q423,4.94
State of Palestine,Q219060,4.89
Syria,Q858,4.93
Melilla,Q5831,4.87
Ceuta,Q5823,4.88
Mayotte,Q17063,4.83
Mongolia,Q711,4.94
Peru,Q419,4.95
Sierra Leone,Q1044,4.93
Sri Lanka,Q854,4.93
Saudi Arabia,Q851,4.94
Somalia,Q1045,4.94
Sudan,Q1049,4.94
New Zealand,Q664,4.96
Uruguay,Q77,4.94
Vietnam,Q881,4.91
Venezuela,Q717,4.93
Mozambique,Q1029,4.94
Namibia,Q1030,4.94
Soviet Union,Q15180,4.65
Jamaica,Q766,4.94
Mauritania,Q1025,4.93
Kiribati,Q710,4.93
El Salvador,Q792,4.93
Galicia,Q3908,4.86
Catalonia,Q5705,4.93
Democratic Republic of the Congo,Q974,4.92
São Tomé and Príncipe,Q1039,4.93
East Timor,Q574,4.93
Northern Ireland,Q26,4.91
Zambia,Q953,4.93
Kosovo,Q1246,4.90
Colombia,Q739,4.94
Ethiopia,Q115,4.95
Taiwan,Q865,4.79
Afghanistan,Q889,4.94
Algeria,Q262,4.93
Angola,Q916,4.94
The Bahamas,Q778,4.94
Barbados,Q244,4.94
Belize,Q242,4.93
Bolivia,Q750,4.94
Chile,Q298,4.95
Costa Rica,Q800,4.95
Ecuador,Q736,4.93
Egypt,Q79,4.95
Fiji,Q712,4.93
The Gambia,Q1005,4.94
Ghana,Q117,4.93
Iceland,Q189,4.95
Kuwait,Q817,4.93
Liberia,Q1014,4.94
Singapore,Q334,4.95
Aruba,Q21203,4.90
Curaçao,Q25279,4.88
Sint Maarten,Q26273,4.87
Haiti,Q790,4.93
Djibouti,Q977,4.93
Gabon,Q1000,4.93
Mauritius,Q1027,4.94
Rwanda,Q1037,4.94
Republic of the Congo,Q971,4.93
Burundi,Q967,4.93
Vanuatu,Q686,4.93
Papua New Guinea,Q691,4.76
Trinidad and Tobago,Q754,4.94
Turkmenistan,Q874,4.94
Cameroon,Q1009,4.94
Mali,Q912,4.93
South Sudan,Q958,4.93
Central African Republic,Q929,4.93
Ivory Coast,Q1008,4.93
Guinea-Bissau,Q1007,4.93
Equatorial Guinea,Q983,4.93
Nicaragua,Q811,4.93
Guinea,Q1006,4.93
Burkina Faso,Q965,4.94
Libya,Q1016,4.94
Uganda,Q1036,4.93
Benin,Q962,4.94
Myanmar,Q836,4.93
Thailand,Q869,4.96
United Arab Emirates,Q878,4.94
Tanzania,Q924,4.94
Eritrea,Q986,4.94
Bhutan,Q917,4.94
Zimbabwe,Q954,4.93
Uzbekistan,Q265,4.94
Nigeria,Q1033,4.91
Saint Kitts and Nevis,Q763,4.93
Bahrain,Q398,4.93
Grenada,Q769,4.93
Falkland Islands,Q9648,4.90
South Georgia and the South Sandwich Islands,Q35086,3.99
Wales,Q25,4.93
Botswana,Q963,4.94
Madagascar,Q1019,4.94
Panama,Q804,4.93
Guyana,Q734,4.93
Lesotho,Q1013,4.94
Laos,Q819,4.94
Federated States of Micronesia,Q702,4.94
Marshall Islands,Q709,4.94
Malawi,Q1020,4.94
Maldives,Q826,4.93
Nauru,Q697,4.96
Oman,Q842,4.93
Palau,Q695,4.93
Samoa,Q683,4.93
Solomon Islands,Q685,4.92
Tonga,Q678,4.94
Antigua and Barbuda,Q781,4.94
Donetsk People's Republic,Q16150196,4.75
Ukraine,Q212,4.93
Cook Islands,Q26988,4.88
Saint Lucia,Q760,4.94
Saint Vincent and the Grenadines,Q757,4.93
Tuvalu,Q672,4.94
Comoros,Q970,4.94
Seychelles,Q1042,4.94
American Samoa,Q16641,4.84
Dominica,Q784,4.94
Dominican Republic,Q786,4.94
Kingdom of Denmark,Q756617,4.73
Federal Republic of Yugoslavia,Q838261,3.66
Western Sahara,Q6250,4.91
Republic of Upper Volta,Q797422,3.56
Zaire,Q6500954,4.02
Northern Mariana Islands,Q16644,4.90
Yemen Arab Republic,Q267584,3.75
Europa Island,Q193089,3.58
Bosnia and Herzegovina,Q225,4.93
Pakistan,Q843,4.94
Seleucid Empire,Q93180,4.20
United States of America,Q30,4.77
Brazil,Q155,4.95